description,category,transaction_type
Yoga and meditation session fees order,Health,expense
Tata Power electricity bill online,Bills,expense
FASTag toll plaza electronic recharge bill,Transport,expense
Gas pipeline utility bill charge,Bills,expense
Myntra fashionable jacket clothes,Shopping,expense
Car service periodic maintenance oil change,Transport,expense
Adani electricity bill payment via UPI,Bills,expense
MedPlus online medicine order order,Health,expense
Dinner at Italian restaurant online,Food,expense
Dinner at Italian restaurant online,Food,expense
Airtel postpaid telecom bill via UPI,Bills,expense
RayBan sunglasses eyewear store store,Shopping,expense
High speed fiber broadband wifi bill order,Bills,expense
Pizza Hut dinner with family subscription,Food,expense
Home decor wall painting frames expense,Shopping,expense
Biryani point dinner party,Food,expense
Amusement theme park tickets expense,Entertainment,expense
Computer science algorithms textbook,Education,expense
Steam PC video game digital download subscription,Entertainment,expense
Supermarket grocery fruits vegetables via UPI,Food,expense
Apartment society maintenance maintenance charges payment,Bills,expense
Doctor clinic general consultation fee online,Health,expense
Amazon Prime Video annual subscription charge,Entertainment,expense
Dog grooming shampoo trimming spa order,Pets,expense
RayBan sunglasses eyewear store store,Shopping,expense
PVR Inox cinema movie tickets and popcorn order,Entertainment,expense
Drools dog food pet treats puppy snacks subscription,Pets,expense
Indigo flight airline ticket travel payment,Transport,expense
BookMyShow concert event ticket charge,Entertainment,expense
Gourmet cheese and pasta bill,Food,expense
MedPlus online medicine order,Health,expense
Pet clinic vet consultation checkup fee bill,Pets,expense
Zara cotton formal shirt bill,Shopping,expense
Airtel postpaid telecom bill charge,Bills,expense
Online makeup beauty cosmetics store charge,Shopping,expense
Netflix 4K UHD monthly subscription subscription,Entertainment,expense
Cashback rewards reward points bonus card payment,Income,income
Doctor clinic general consultation fee subscription,Health,expense
YouTube premium ad-free plan purchase,Entertainment,expense
Airport shuttle express bus,Transport,expense
Bird cage seeds pet care supplies food via UPI,Pets,expense
Apple Music annual plan purchase,Entertainment,expense
Bank high yield savings account interest,Income,income
Electricity power utility monthly bill,Bills,expense
H&M casual tshirts and jeans,Shopping,expense
Apple iPad tablet and accessories charge,Shopping,expense
Hospital health full body pathology test,Health,expense
Blinkit instant grocery delivery,Food,expense
Levi's denim jeans store,Shopping,expense
Disney Hotstar VIP streaming,Entertainment,expense
BigBasket monthly grocery supplies payment,Food,expense
Organic grocery store food items charge,Food,expense
Pet boarding day care kennel charges dog walking online,Pets,expense
Shopping mall department store,Shopping,expense
Vet animal clinic surgery medicine doctor bill,Pets,expense
Pet supplies cat litter leash collar harness payment,Pets,expense
Consulting advisory advisory fee credit,Income,income
School stationery pens notebooks supplies expense,Education,expense
MedPlus online medicine order expense,Health,expense
Pet accessories dog bed cat toys chew bone bill,Pets,expense
LinkedIn Learning monthly subscription store,Education,expense
Tata Power electricity bill expense,Bills,expense
Part time consulting project income bill,Income,income
Cashback rewards reward points bonus,Income,income
Airport parking lot fee ticket store,Transport,expense
Breakfast cafe coffee bagel store,Food,expense
Uber auto ride daily commute expense,Transport,expense
Bharat Petroleum diesel fill expense,Transport,expense
Electricity power utility monthly bill payment,Bills,expense
Blood test lab report charges purchase,Health,expense
Online makeup beauty cosmetics store via UPI,Shopping,expense
Dog grooming shampoo trimming spa,Pets,expense
MedPlus online medicine order bill,Health,expense
Language learning app subscription via UPI,Education,expense
Bike motorcycle wheel servicing order,Transport,expense
Freelance technical writing payout charge,Income,income
Airport shuttle express bus payment,Transport,expense
PlayStation Plus yearly subscription subscription,Entertainment,expense
Starbucks coffee latte,Food,expense
Apartment society maintenance maintenance charges,Bills,expense
McDonalds burger meal via UPI,Food,expense
Gas pipeline utility bill purchase,Bills,expense
LPG cooking gas cylinder refill store,Bills,expense
Local tea and snacks stall,Food,expense
Dinner at Italian restaurant via UPI,Food,expense
School stationery pens notebooks supplies purchase,Education,expense
Uber auto ride daily commute charge,Transport,expense
Language learning app subscription via UPI,Education,expense
Physics chemistry study material online,Education,expense
Amazon online shopping headphones purchase payment,Shopping,expense
Weekend club pub lounge drinks,Entertainment,expense
Local tea and snacks stall online,Food,expense
Electricity power utility monthly bill online,Bills,expense
Adani electricity bill payment via UPI,Bills,expense
Indian oil corporation petrol,Transport,expense
Bike motorcycle wheel servicing via UPI,Transport,expense
Kindle books self improvement reading,Education,expense
Disney Hotstar VIP streaming subscription,Entertainment,expense
KFC fried chicken bucket bill,Food,expense
Bank high yield savings account interest subscription,Income,income
University college tuition exam fee card payment,Education,expense
Physiotherapy treatment session online,Health,expense
Haldiram sweets snacks,Food,expense
Gaming tournament entry ticket payment,Entertainment,expense
High speed fiber broadband wifi bill store,Bills,expense
Drools dog food pet treats puppy snacks card payment,Pets,expense
Petrol fuel HPCL station refill via UPI,Transport,expense
Dine in bill Chinese food restaurant order,Food,expense
Online makeup beauty cosmetics store purchase,Shopping,expense
Pet clinic vet consultation checkup fee online,Pets,expense
Weekend club pub lounge drinks purchase,Entertainment,expense
YouTube premium ad-free plan online,Entertainment,expense
AWS certification exam voucher online,Education,expense
Cashback rewards reward points bonus via UPI,Income,income
Gaming tournament entry ticket store,Entertainment,expense
Bharat Petroleum diesel fill purchase,Transport,expense
Pet food dog food pedigree kibble bill,Pets,expense
AWS certification exam voucher purchase,Education,expense
Netflix 4K UHD monthly subscription bill,Entertainment,expense
Haldiram sweets snacks online,Food,expense
Me-O cat food creamy treats salmon subscription,Pets,expense
Indian oil corporation petrol card payment,Transport,expense
Local tea and snacks stall bill,Food,expense
PVR Inox cinema movie tickets and popcorn store,Entertainment,expense
Biryani point dinner party,Food,expense
Upwork freelance software contract bill,Income,income
KFC fried chicken bucket,Food,expense
Pizza Hut dinner with family online,Food,expense
School stationery pens notebooks supplies,Education,expense
Physiotherapy treatment session purchase,Health,expense
Myntra fashionable jacket clothes charge,Shopping,expense
Pet food dog food pedigree kibble,Pets,expense
KFC fried chicken bucket,Food,expense
Metro card smart card recharge via UPI,Transport,expense
Ola cab ride home from office subscription,Transport,expense
Adani electricity bill payment order,Bills,expense
Breakfast cafe coffee bagel expense,Food,expense
BigBasket monthly grocery supplies,Food,expense
Ice cream parlour dessert waffle payment,Food,expense
Local tea and snacks stall store,Food,expense
Airtel postpaid telecom bill online,Bills,expense
Public speaking certification workshop expense,Education,expense
Gourmet cheese and pasta subscription,Food,expense
Pharmacy medicine tablets painkiller subscription,Health,expense
Restaurant lunch with colleagues online,Food,expense
Spotify premium music subscription bill,Entertainment,expense
Physiotherapy treatment session expense,Health,expense
Levi's denim jeans store,Shopping,expense
MedPlus online medicine order,Health,expense
AWS certification exam voucher subscription,Education,expense
PVR Inox cinema movie tickets and popcorn charge,Entertainment,expense
Ice cream parlour dessert waffle,Food,expense
Haldiram sweets snacks bill,Food,expense
Train ticket sleeper class booking online,Transport,expense
Shopping mall department store order,Shopping,expense
Taxi cab rental city tour purchase,Transport,expense
McDonalds burger meal expense,Food,expense
BigBasket monthly grocery supplies expense,Food,expense
Pedigree adult dog meat gravy chicken rice charge,Pets,expense
Indian oil corporation petrol via UPI,Transport,expense
Me-O cat food creamy treats salmon store,Pets,expense
Spotify premium music subscription subscription,Entertainment,expense
Airport parking lot fee ticket,Transport,expense
Diesel fuel full tank for car subscription,Transport,expense
Starbucks coffee latte purchase,Food,expense
PVR Inox cinema movie tickets and popcorn store,Entertainment,expense
Biryani point dinner party card payment,Food,expense
PlayStation Plus yearly subscription,Entertainment,expense
Supermarket grocery fruits vegetables expense,Food,expense
Local tea and snacks stall online,Food,expense
Bus ticket reservation online,Transport,expense
PVR Inox cinema movie tickets and popcorn,Entertainment,expense
FASTag toll plaza electronic recharge payment,Transport,expense
Spectacles optical lenses eye checkup charge,Health,expense
Whiskas cat food ocean fish pouch online,Pets,expense
Restaurant lunch with colleagues order,Food,expense
Spectacles optical lenses eye checkup,Health,expense
Burger King whopper meal,Food,expense
Supermarket grocery fruits vegetables card payment,Food,expense
Physics chemistry study material,Education,expense
High speed fiber broadband wifi bill,Bills,expense
LinkedIn Learning monthly subscription,Education,expense
Pet boarding day care kennel charges dog walking expense,Pets,expense
Home decor wall painting frames subscription,Shopping,expense
Electricity power utility monthly bill,Bills,expense
IRCTC train ticket booking reservation bill,Transport,expense
Titan wrist watch purchase charge,Shopping,expense
Uber cab ride to airport order,Transport,expense
Restaurant lunch with colleagues online,Food,expense
School stationery pens notebooks supplies payment,Education,expense
Home insurance annual premium,Bills,expense
Cult Fit gym fitness center membership card payment,Health,expense
Spectacles optical lenses eye checkup payment,Health,expense
Language learning app subscription bill,Education,expense
Jio fiber optic broadband internet bill via UPI,Bills,expense
Leather wallet and belts payment,Shopping,expense
Uniqlo winter wear jacket store,Shopping,expense
Freelance technical writing payout bill,Income,income
Pet vaccination injection rabies shot deworming purchase,Pets,expense
Pet shop puppy food treats snacks bones expense,Pets,expense
Decathlon sports gym equipment store,Shopping,expense
IRCTC train ticket booking reservation,Transport,expense
Jio fiber optic broadband internet bill,Bills,expense
Zara cotton formal shirt,Shopping,expense
Steam PC video game digital download expense,Entertainment,expense
Pet accessories dog bed cat toys chew bone expense,Pets,expense
Diesel fuel full tank for car card payment,Transport,expense
KFC fried chicken bucket online,Food,expense
Furniture wooden study desk chair charge,Shopping,expense
Pedigree adult dog meat gravy chicken rice order,Pets,expense
Apple iPad tablet and accessories order,Shopping,expense
Pet boarding day care kennel charges dog walking expense,Pets,expense
H&M casual tshirts and jeans payment,Shopping,expense
Mutual fund stock market dividend,Income,income
Cult Fit gym fitness center membership subscription,Health,expense
Spotify premium music subscription store,Entertainment,expense
Pet clinic vet consultation checkup fee card payment,Pets,expense
Indigo flight airline ticket travel store,Transport,expense
Indigo flight airline ticket travel,Transport,expense
Diesel fuel full tank for car store,Transport,expense
Organic grocery store food items,Food,expense
Apartment society maintenance maintenance charges,Bills,expense
Uber cab ride to airport online,Transport,expense
Jio fiber optic broadband internet bill card payment,Bills,expense
Shell petrol pump fuel fill via UPI,Transport,expense
Breakfast cafe coffee bagel via UPI,Food,expense
Car service periodic maintenance oil change online,Transport,expense
Udemy online web development course via UPI,Education,expense
Airport parking lot fee ticket purchase,Transport,expense
Uniqlo winter wear jacket online,Shopping,expense
Uber auto ride daily commute,Transport,expense
Pet boarding day care kennel charges dog walking expense,Pets,expense
Zepto grocery order milk bread payment,Food,expense
Haldiram sweets snacks bill,Food,expense
Blood test lab report charges online,Health,expense
PlayStation Plus yearly subscription,Entertainment,expense
Cult Fit gym fitness center membership purchase,Health,expense
Bakery fresh cake and pastries card payment,Food,expense
Credit card annual membership fee bill order,Bills,expense
Pet vaccination injection rabies shot deworming payment,Pets,expense
Pharmacy medicine tablets painkiller bill,Health,expense
Dermatologist skin care clinic fee via UPI,Health,expense
Blood test lab report charges,Health,expense
Nike running sports sneakers purchase,Shopping,expense
High speed fiber broadband wifi bill subscription,Bills,expense
McDonalds burger meal expense,Food,expense
LPG cooking gas cylinder refill,Bills,expense
Pet clinic vet consultation checkup fee expense,Pets,expense
Pet accessories dog bed cat toys chew bone via UPI,Pets,expense
Taco Bell tacos via UPI,Food,expense
Me-O cat food creamy treats salmon subscription,Pets,expense
Starbucks coffee latte via UPI,Food,expense
Tata Power electricity bill card payment,Bills,expense
Apartment society maintenance maintenance charges,Bills,expense
Pet supplies cat litter leash collar harness via UPI,Pets,expense
Language learning app subscription,Education,expense
Taxi cab rental city tour expense,Transport,expense
Blinkit instant grocery delivery purchase,Food,expense
Electricity power utility monthly bill card payment,Bills,expense
Weekend club pub lounge drinks store,Entertainment,expense
Uber cab ride to airport card payment,Transport,expense
Mutual fund stock market dividend charge,Income,income
Physiotherapy treatment session card payment,Health,expense
Ice cream parlour dessert waffle store,Food,expense
Yoga and meditation session fees charge,Health,expense
Weekend club pub lounge drinks expense,Entertainment,expense
Biryani point dinner party payment,Food,expense
Computer science algorithms textbook purchase,Education,expense
Bharat Petroleum diesel fill online,Transport,expense
Airtel postpaid telecom bill purchase,Bills,expense
LPG cooking gas cylinder refill,Bills,expense
Language learning app subscription via UPI,Education,expense
Apollo pharmacy multivitamins supplements,Health,expense
Nike running sports sneakers online,Shopping,expense
Adani electricity bill payment,Bills,expense
Pet vaccination injection rabies shot deworming charge,Pets,expense
LPG cooking gas cylinder refill order,Bills,expense
University college tuition exam fee,Education,expense
Train ticket sleeper class booking card payment,Transport,expense
Apollo pharmacy multivitamins supplements purchase,Health,expense
Titan wrist watch purchase expense,Shopping,expense
Veterinary hospital medicine for dog puppy subscription,Pets,expense
Bike motorcycle wheel servicing card payment,Transport,expense
Blinkit instant grocery delivery,Food,expense
Bike motorcycle wheel servicing order,Transport,expense
Freelance website UI design project payout,Income,income
Upwork freelance software contract payment,Income,income
Myntra fashionable jacket clothes payment,Shopping,expense
H&M casual tshirts and jeans,Shopping,expense
Bharat Petroleum diesel fill charge,Transport,expense
Dermatologist skin care clinic fee bill,Health,expense
Leather wallet and belts expense,Shopping,expense
Mobile phone prepaid recharge pack,Bills,expense
Dominos pizza delivery online,Food,expense
Swiggy dinner order charge,Food,expense
Train ticket sleeper class booking payment,Transport,expense
Pet vaccination injection rabies shot deworming expense,Pets,expense
Gas pipeline utility bill,Bills,expense
Dominos pizza delivery subscription,Food,expense
IRCTC train ticket booking reservation store,Transport,expense
Shopping mall department store online,Shopping,expense
Ice cream parlour dessert waffle charge,Food,expense
Coursera AI machine learning specialization charge,Education,expense
Gaming tournament entry ticket store,Entertainment,expense
Bird cage seeds pet care supplies food online,Pets,expense
Shell petrol pump fuel fill purchase,Transport,expense
Spotify premium music subscription expense,Entertainment,expense
Cat food whiskas tuna wet food bill,Pets,expense
Apple iPad tablet and accessories,Shopping,expense
Me-O cat food creamy treats salmon,Pets,expense
Corporate performance bonus payment,Income,income
Airport shuttle express bus order,Transport,expense
Apple iPad tablet and accessories,Shopping,expense
LinkedIn Learning monthly subscription store,Education,expense
Mobile phone prepaid recharge pack subscription,Bills,expense
Part time consulting project income,Income,income
Levi's denim jeans store online,Shopping,expense
Furniture wooden study desk chair expense,Shopping,expense
Apple iPad tablet and accessories card payment,Shopping,expense
Decathlon sports gym equipment subscription,Shopping,expense
Nike running sports sneakers store,Shopping,expense
IRCTC train ticket booking reservation charge,Transport,expense
Bus ticket reservation online expense,Transport,expense
Pet food dog food pedigree kibble,Pets,expense
Pet clinic vet consultation checkup fee,Pets,expense
BigBasket monthly grocery supplies order,Food,expense
PlayStation Plus yearly subscription card payment,Entertainment,expense
IRCTC train ticket booking reservation charge,Transport,expense
Pet boarding day care kennel charges dog walking,Pets,expense
Apple Music annual plan via UPI,Entertainment,expense
Petrol fuel HPCL station refill via UPI,Transport,expense
Jio fiber optic broadband internet bill online,Bills,expense
Haldiram sweets snacks via UPI,Food,expense
Blinkit instant grocery delivery store,Food,expense
Cat food whiskas tuna wet food,Pets,expense
Home insurance annual premium charge,Bills,expense
Decathlon sports gym equipment,Shopping,expense
Burger King whopper meal subscription,Food,expense
Airport parking lot fee ticket payment,Transport,expense
Standup comedy show tickets charge,Entertainment,expense
Electricity power utility monthly bill purchase,Bills,expense
Biryani point dinner party expense,Food,expense
Monthly salary credited by employer,Income,income
Gaming tournament entry ticket expense,Entertainment,expense
Online makeup beauty cosmetics store purchase,Shopping,expense
Steam PC video game digital download store,Entertainment,expense
Vet animal clinic surgery medicine doctor card payment,Pets,expense
YouTube premium ad-free plan online,Entertainment,expense
Mobile phone prepaid recharge pack bill,Bills,expense
H&M casual tshirts and jeans via UPI,Shopping,expense
Freelance technical writing payout store,Income,income
Pharmacy medicine tablets painkiller,Health,expense
YouTube premium ad-free plan,Entertainment,expense
Furniture wooden study desk chair store,Shopping,expense
BookMyShow concert event ticket subscription,Entertainment,expense
Freelance technical writing payout expense,Income,income
Weekend club pub lounge drinks subscription,Entertainment,expense
BookMyShow concert event ticket online,Entertainment,expense
MedPlus online medicine order order,Health,expense
Airport parking lot fee ticket expense,Transport,expense
Indian oil corporation petrol subscription,Transport,expense
FASTag toll plaza electronic recharge subscription,Transport,expense
Physiotherapy treatment session,Health,expense
Kitchen non stick pan cookware charge,Shopping,expense
Zara cotton formal shirt,Shopping,expense
Pet food dog food pedigree kibble order,Pets,expense
Language learning app subscription online,Education,expense
PlayStation Plus yearly subscription online,Entertainment,expense
Taco Bell tacos store,Food,expense
Pizza Hut dinner with family store,Food,expense
Kindle books self improvement reading payment,Education,expense
Coursera AI machine learning specialization order,Education,expense
Flipkart electronics smart watch charge,Shopping,expense
Petrol fuel HPCL station refill card payment,Transport,expense
Decathlon sports gym equipment purchase,Shopping,expense
Myntra fashionable jacket clothes expense,Shopping,expense
Amazon Prime Video annual subscription card payment,Entertainment,expense
Purina pet food supercoat pro plan expense,Pets,expense
High speed fiber broadband wifi bill order,Bills,expense
Dinner at Italian restaurant,Food,expense
Ola cab ride home from office,Transport,expense
LinkedIn Learning monthly subscription,Education,expense
Royal Canin dog puppy dry food breed card payment,Pets,expense
Pizza Hut dinner with family store,Food,expense
Pet food dog food pedigree kibble order,Pets,expense
Organic grocery store food items bill,Food,expense
Haldiram sweets snacks via UPI,Food,expense
Pharmacy medicine tablets painkiller charge,Health,expense
Disney Hotstar VIP streaming online,Entertainment,expense
Bank high yield savings account interest subscription,Income,income
KFC fried chicken bucket expense,Food,expense
Gourmet cheese and pasta charge,Food,expense
AWS certification exam voucher,Education,expense
Tata Power electricity bill,Bills,expense
Public speaking certification workshop purchase,Education,expense
RayBan sunglasses eyewear store subscription,Shopping,expense
Taco Bell tacos via UPI,Food,expense
Car service periodic maintenance oil change store,Transport,expense
Blood test lab report charges purchase,Health,expense
Standup comedy show tickets order,Entertainment,expense
Titan wrist watch purchase purchase,Shopping,expense
Amazon online shopping headphones purchase online,Shopping,expense
Bike motorcycle wheel servicing card payment,Transport,expense
Pizza Hut dinner with family,Food,expense
Blinkit instant grocery delivery via UPI,Food,expense
High speed fiber broadband wifi bill payment,Bills,expense
Gaming tournament entry ticket bill,Entertainment,expense
Home insurance annual premium,Bills,expense
Me-O cat food creamy treats salmon purchase,Pets,expense
Drools dog food pet treats puppy snacks online,Pets,expense
Car service periodic maintenance oil change via UPI,Transport,expense
Physics chemistry study material,Education,expense
Bank high yield savings account interest payment,Income,income
Shell petrol pump fuel fill via UPI,Transport,expense
Dog grooming shampoo trimming spa order,Pets,expense
Shopping mall department store order,Shopping,expense
AWS certification exam voucher payment,Education,expense
Amazon Prime Video annual subscription order,Entertainment,expense
Tata Power electricity bill charge,Bills,expense
Steam PC video game digital download store,Entertainment,expense
Kitchen non stick pan cookware payment,Shopping,expense
Bike motorcycle wheel servicing card payment,Transport,expense
Titan wrist watch purchase card payment,Shopping,expense
Kindle books self improvement reading card payment,Education,expense
Bus ticket reservation online card payment,Transport,expense
Netflix 4K UHD monthly subscription order,Entertainment,expense
Furniture wooden study desk chair payment,Shopping,expense
Dominos pizza delivery,Food,expense
Amazon Prime Video annual subscription order,Entertainment,expense
Apple iPad tablet and accessories charge,Shopping,expense
Bank high yield savings account interest,Income,income
Disney Hotstar VIP streaming order,Entertainment,expense
Vet animal clinic surgery medicine doctor order,Pets,expense
House monthly rent payment to landlord payment,Bills,expense
Hospital health full body pathology test via UPI,Health,expense
Part time consulting project income payment,Income,income
IRCTC train ticket booking reservation online,Transport,expense
Zomato food delivery expense,Food,expense
Pharmacy medicine tablets painkiller order,Health,expense
Purina pet food supercoat pro plan order,Pets,expense
Kitchen non stick pan cookware card payment,Shopping,expense
Airport shuttle express bus via UPI,Transport,expense
Zara cotton formal shirt payment,Shopping,expense
Pet boarding day care kennel charges dog walking purchase,Pets,expense
Vet animal clinic surgery medicine doctor,Pets,expense
Standup comedy show tickets store,Entertainment,expense
University college tuition exam fee order,Education,expense
Diesel fuel full tank for car bill,Transport,expense
Taco Bell tacos bill,Food,expense
Indian oil corporation petrol card payment,Transport,expense
BookMyShow concert event ticket,Entertainment,expense
Dog grooming shampoo trimming spa bill,Pets,expense
Petrol fuel HPCL station refill order,Transport,expense
Public speaking certification workshop charge,Education,expense
Train ticket sleeper class booking expense,Transport,expense
Airport parking lot fee ticket via UPI,Transport,expense
Jio fiber optic broadband internet bill bill,Bills,expense
Pet shop puppy food treats snacks bones via UPI,Pets,expense
Cashback rewards reward points bonus order,Income,income
Leather wallet and belts purchase,Shopping,expense
Bus ticket reservation online,Transport,expense
Shopping mall department store subscription,Shopping,expense
Pet supplies cat litter leash collar harness,Pets,expense
Taxi cab rental city tour payment,Transport,expense
Physiotherapy treatment session card payment,Health,expense
Restaurant lunch with colleagues online,Food,expense
Aquarium fish food pellets pet care aquarium tank,Pets,expense
Part time consulting project income store,Income,income
Zepto grocery order milk bread payment,Food,expense
Royal Canin dog puppy dry food breed via UPI,Pets,expense
Electricity power utility monthly bill order,Bills,expense
Gourmet cheese and pasta,Food,expense
Pedigree adult dog meat gravy chicken rice subscription,Pets,expense
Municipal water supply pipeline bill card payment,Bills,expense
Burger King whopper meal via UPI,Food,expense
Bharat Petroleum diesel fill expense,Transport,expense
Language learning app subscription via UPI,Education,expense
Amazon Prime Video annual subscription order,Entertainment,expense
Freelance website UI design project payout expense,Income,income
Amazon Prime Video annual subscription charge,Entertainment,expense
Yoga and meditation session fees order,Health,expense
Cat food whiskas tuna wet food expense,Pets,expense
Jio fiber optic broadband internet bill payment,Bills,expense
Municipal water supply pipeline bill charge,Bills,expense
School stationery pens notebooks supplies store,Education,expense
Aquarium fish food pellets pet care aquarium tank,Pets,expense
Apple iPad tablet and accessories payment,Shopping,expense
Furniture wooden study desk chair bill,Shopping,expense
Myntra fashionable jacket clothes order,Shopping,expense
Vet animal clinic surgery medicine doctor online,Pets,expense
Kindle books self improvement reading via UPI,Education,expense
University college tuition exam fee card payment,Education,expense
Metro card smart card recharge online,Transport,expense
Subway veggie sub sandwich order,Food,expense
Bakery fresh cake and pastries store,Food,expense
Supermarket grocery fruits vegetables order,Food,expense
Home insurance annual premium purchase,Bills,expense
Hospital health full body pathology test bill,Health,expense
Leather wallet and belts payment,Shopping,expense
Uber cab ride to airport charge,Transport,expense
Monthly salary credited by employer payment,Income,income
Cashback rewards reward points bonus purchase,Income,income
Petrol fuel HPCL station refill,Transport,expense
Kitchen non stick pan cookware payment,Shopping,expense
Blinkit instant grocery delivery payment,Food,expense
Pet shop puppy food treats snacks bones bill,Pets,expense
Local tea and snacks stall,Food,expense
Bharat Petroleum diesel fill order,Transport,expense
Shopping mall department store bill,Shopping,expense
Decathlon sports gym equipment purchase,Shopping,expense
Uniqlo winter wear jacket,Shopping,expense
Indigo flight airline ticket travel expense,Transport,expense
Shell petrol pump fuel fill online,Transport,expense
University college tuition exam fee card payment,Education,expense
Metro card smart card recharge online,Transport,expense
Part time consulting project income card payment,Income,income
Veterinary hospital medicine for dog puppy,Pets,expense
Weekend club pub lounge drinks charge,Entertainment,expense
Airport shuttle express bus online,Transport,expense
Computer science algorithms textbook store,Education,expense
Airport parking lot fee ticket,Transport,expense
Bank high yield savings account interest expense,Income,income
University college tuition exam fee order,Education,expense
Jio fiber optic broadband internet bill expense,Bills,expense
Purina pet food supercoat pro plan via UPI,Pets,expense
Flipkart electronics smart watch,Shopping,expense
FASTag toll plaza electronic recharge,Transport,expense
Taxi cab rental city tour bill,Transport,expense
Swiggy dinner order store,Food,expense
Swiggy dinner order expense,Food,expense
Diesel fuel full tank for car store,Transport,expense
Indigo flight airline ticket travel,Transport,expense
Mutual fund stock market dividend via UPI,Income,income
Taco Bell tacos,Food,expense
Dentist dental clinic checkup teeth cleaning online,Health,expense
Bird cage seeds pet care supplies food online,Pets,expense
Metro card smart card recharge,Transport,expense
Bird cage seeds pet care supplies food bill,Pets,expense
Veterinary hospital medicine for dog puppy expense,Pets,expense
Kitchen non stick pan cookware,Shopping,expense
School stationery pens notebooks supplies via UPI,Education,expense
Amazon online shopping headphones purchase purchase,Shopping,expense
McDonalds burger meal payment,Food,expense
High speed fiber broadband wifi bill purchase,Bills,expense
AWS certification exam voucher subscription,Education,expense
Drools dog food pet treats puppy snacks store,Pets,expense
Credit card annual membership fee bill bill,Bills,expense
Freelance technical writing payout expense,Income,income
Spectacles optical lenses eye checkup expense,Health,expense
Dine in bill Chinese food restaurant subscription,Food,expense
Kindle books self improvement reading,Education,expense
Gourmet cheese and pasta store,Food,expense
Indigo flight airline ticket travel online,Transport,expense
Cashback rewards reward points bonus order,Income,income
Udemy online web development course purchase,Education,expense
Ola cab ride home from office purchase,Transport,expense
Pharmacy medicine tablets painkiller subscription,Health,expense
Zomato food delivery charge,Food,expense
Myntra fashionable jacket clothes online,Shopping,expense
University college tuition exam fee order,Education,expense
Uber cab ride to airport,Transport,expense
Blood test lab report charges order,Health,expense
Mobile phone prepaid recharge pack,Bills,expense
Hospital health full body pathology test store,Health,expense
Rapido bike taxi trip store,Transport,expense
Petrol fuel HPCL station refill online,Transport,expense
Car service periodic maintenance oil change card payment,Transport,expense
Kindle books self improvement reading purchase,Education,expense
Drools dog food pet treats puppy snacks bill,Pets,expense
Adani electricity bill payment order,Bills,expense
Bakery fresh cake and pastries card payment,Food,expense
Veterinary hospital medicine for dog puppy online,Pets,expense
Consulting advisory advisory fee credit subscription,Income,income
Taco Bell tacos via UPI,Food,expense
BookMyShow concert event ticket payment,Entertainment,expense
Apollo pharmacy multivitamins supplements online,Health,expense
Dine in bill Chinese food restaurant card payment,Food,expense
Coursera AI machine learning specialization store,Education,expense
PlayStation Plus yearly subscription online,Entertainment,expense
Subway veggie sub sandwich bill,Food,expense
Dog grooming shampoo trimming spa bill,Pets,expense
Ice cream parlour dessert waffle via UPI,Food,expense
Part time consulting project income expense,Income,income
Amazon Prime Video annual subscription,Entertainment,expense
Upwork freelance software contract bill,Income,income
Dine in bill Chinese food restaurant,Food,expense
Part time consulting project income store,Income,income
Flipkart electronics smart watch online,Shopping,expense
Pet boarding day care kennel charges dog walking subscription,Pets,expense
Flipkart electronics smart watch online,Shopping,expense
Dentist dental clinic checkup teeth cleaning purchase,Health,expense
Dentist dental clinic checkup teeth cleaning subscription,Health,expense
Freelance website UI design project payout card payment,Income,income
Rapido bike taxi trip,Transport,expense
Whiskas cat food ocean fish pouch,Pets,expense
Biryani point dinner party payment,Food,expense
Supermarket grocery fruits vegetables via UPI,Food,expense
Subway veggie sub sandwich bill,Food,expense
Gourmet cheese and pasta payment,Food,expense
Physics chemistry study material charge,Education,expense
Udemy online web development course online,Education,expense
Bharat Petroleum diesel fill,Transport,expense
Local tea and snacks stall bill,Food,expense
Pet supplies cat litter leash collar harness charge,Pets,expense
Doctor clinic general consultation fee online,Health,expense
Blinkit instant grocery delivery card payment,Food,expense
Uniqlo winter wear jacket store,Shopping,expense
Freelance website UI design project payout subscription,Income,income
BookMyShow concert event ticket expense,Entertainment,expense
McDonalds burger meal purchase,Food,expense
Zepto grocery order milk bread expense,Food,expense
Whiskas cat food ocean fish pouch payment,Pets,expense
Physics chemistry study material purchase,Education,expense
LPG cooking gas cylinder refill charge,Bills,expense
Credit card annual membership fee bill subscription,Bills,expense
KFC fried chicken bucket bill,Food,expense
Freelance technical writing payout expense,Income,income
Mutual fund stock market dividend,Income,income
Bus ticket reservation online order,Transport,expense
House monthly rent payment to landlord,Bills,expense
Municipal water supply pipeline bill subscription,Bills,expense
Doctor clinic general consultation fee payment,Health,expense
PlayStation Plus yearly subscription charge,Entertainment,expense
Jio fiber optic broadband internet bill order,Bills,expense
Dominos pizza delivery purchase,Food,expense
Pet supplies cat litter leash collar harness charge,Pets,expense
Consulting advisory advisory fee credit bill,Income,income
Home insurance annual premium order,Bills,expense
Hospital health full body pathology test order,Health,expense
Uber auto ride daily commute subscription,Transport,expense
MedPlus online medicine order online,Health,expense
Physics chemistry study material online,Education,expense
Leather wallet and belts charge,Shopping,expense
Bird cage seeds pet care supplies food purchase,Pets,expense
Home decor wall painting frames payment,Shopping,expense
School stationery pens notebooks supplies via UPI,Education,expense
Hospital health full body pathology test charge,Health,expense
Cult Fit gym fitness center membership via UPI,Health,expense
Levi's denim jeans store via UPI,Shopping,expense
Pet shop puppy food treats snacks bones order,Pets,expense
Bakery fresh cake and pastries,Food,expense
Monthly salary credited by employer expense,Income,income
Spotify premium music subscription,Entertainment,expense
Dermatologist skin care clinic fee subscription,Health,expense
Puppy kitten pet food nutrition pouch biscuits online,Pets,expense
H&M casual tshirts and jeans bill,Shopping,expense
Gas pipeline utility bill store,Bills,expense
Yoga and meditation session fees purchase,Health,expense
Corporate performance bonus payment store,Income,income
Whiskas cat food ocean fish pouch via UPI,Pets,expense
Taco Bell tacos store,Food,expense
Rapido bike taxi trip card payment,Transport,expense
Pet accessories dog bed cat toys chew bone store,Pets,expense
Pet boarding day care kennel charges dog walking via UPI,Pets,expense
Zepto grocery order milk bread subscription,Food,expense
Corporate performance bonus payment card payment,Income,income
Flipkart electronics smart watch charge,Shopping,expense
Pet shop puppy food treats snacks bones via UPI,Pets,expense
PlayStation Plus yearly subscription expense,Entertainment,expense
Apple Music annual plan via UPI,Entertainment,expense
Home insurance annual premium charge,Bills,expense
Cat food whiskas tuna wet food payment,Pets,expense
BookMyShow concert event ticket order,Entertainment,expense
Upwork freelance software contract order,Income,income
Breakfast cafe coffee bagel charge,Food,expense
Amazon online shopping headphones purchase via UPI,Shopping,expense
Tata Power electricity bill expense,Bills,expense
Starbucks coffee latte store,Food,expense
Petrol fuel HPCL station refill order,Transport,expense
Breakfast cafe coffee bagel expense,Food,expense
Organic grocery store food items via UPI,Food,expense
Petrol fuel HPCL station refill online,Transport,expense
House monthly rent payment to landlord purchase,Bills,expense
AWS certification exam voucher via UPI,Education,expense
Airport shuttle express bus card payment,Transport,expense
Decathlon sports gym equipment bill,Shopping,expense
Airtel postpaid telecom bill via UPI,Bills,expense
Leather wallet and belts bill,Shopping,expense
Steam PC video game digital download store,Entertainment,expense
Kitchen non stick pan cookware subscription,Shopping,expense
Upwork freelance software contract purchase,Income,income
Zepto grocery order milk bread bill,Food,expense
Zepto grocery order milk bread payment,Food,expense
Purina pet food supercoat pro plan,Pets,expense
Indian oil corporation petrol bill,Transport,expense
Amusement theme park tickets purchase,Entertainment,expense
Municipal water supply pipeline bill expense,Bills,expense
Titan wrist watch purchase purchase,Shopping,expense
Computer science algorithms textbook card payment,Education,expense
Gourmet cheese and pasta,Food,expense
Bird cage seeds pet care supplies food order,Pets,expense
Me-O cat food creamy treats salmon card payment,Pets,expense
Dinner at Italian restaurant online,Food,expense
Burger King whopper meal store,Food,expense
House monthly rent payment to landlord online,Bills,expense
Dermatologist skin care clinic fee,Health,expense
Leather wallet and belts order,Shopping,expense
FASTag toll plaza electronic recharge expense,Transport,expense
Puppy kitten pet food nutrition pouch biscuits bill,Pets,expense
Apple Music annual plan via UPI,Entertainment,expense
Zara cotton formal shirt payment,Shopping,expense
Puppy kitten pet food nutrition pouch biscuits charge,Pets,expense
Drools dog food pet treats puppy snacks subscription,Pets,expense
Apartment society maintenance maintenance charges purchase,Bills,expense
Corporate performance bonus payment charge,Income,income
Local tea and snacks stall store,Food,expense
Uber cab ride to airport subscription,Transport,expense
Corporate performance bonus payment bill,Income,income
Public speaking certification workshop purchase,Education,expense
Apartment society maintenance maintenance charges online,Bills,expense
Airport shuttle express bus purchase,Transport,expense
Airtel postpaid telecom bill via UPI,Bills,expense
KFC fried chicken bucket via UPI,Food,expense
Pet shop puppy food treats snacks bones online,Pets,expense
Bus ticket reservation online charge,Transport,expense
House monthly rent payment to landlord expense,Bills,expense
Leather wallet and belts,Shopping,expense
Organic grocery store food items order,Food,expense
Burger King whopper meal via UPI,Food,expense
Pizza Hut dinner with family via UPI,Food,expense
Bird cage seeds pet care supplies food payment,Pets,expense
Cat food whiskas tuna wet food expense,Pets,expense
Airtel postpaid telecom bill payment,Bills,expense
Breakfast cafe coffee bagel store,Food,expense
Swiggy dinner order,Food,expense
Ice cream parlour dessert waffle expense,Food,expense
Apollo pharmacy multivitamins supplements order,Health,expense
Amusement theme park tickets charge,Entertainment,expense
Blinkit instant grocery delivery,Food,expense
Indian oil corporation petrol expense,Transport,expense
Coursera AI machine learning specialization store,Education,expense
Zomato food delivery,Food,expense
Dominos pizza delivery,Food,expense
AWS certification exam voucher bill,Education,expense
Burger King whopper meal online,Food,expense
Veterinary hospital medicine for dog puppy expense,Pets,expense
Public speaking certification workshop expense,Education,expense
Decathlon sports gym equipment expense,Shopping,expense
Bus ticket reservation online purchase,Transport,expense
Online makeup beauty cosmetics store bill,Shopping,expense
Online makeup beauty cosmetics store via UPI,Shopping,expense
Pedigree adult dog meat gravy chicken rice card payment,Pets,expense
Pet clinic vet consultation checkup fee online,Pets,expense
Dog grooming shampoo trimming spa online,Pets,expense
Bank high yield savings account interest expense,Income,income
Titan wrist watch purchase,Shopping,expense
Whiskas cat food ocean fish pouch,Pets,expense
Aquarium fish food pellets pet care aquarium tank payment,Pets,expense
Bus ticket reservation online card payment,Transport,expense
Starbucks coffee latte subscription,Food,expense
Netflix 4K UHD monthly subscription order,Entertainment,expense
Ola cab ride home from office purchase,Transport,expense
Pet accessories dog bed cat toys chew bone subscription,Pets,expense
Home decor wall painting frames charge,Shopping,expense
LinkedIn Learning monthly subscription order,Education,expense
Online makeup beauty cosmetics store online,Shopping,expense
Physiotherapy treatment session,Health,expense
Swiggy dinner order payment,Food,expense
Apple Music annual plan charge,Entertainment,expense
Corporate performance bonus payment charge,Income,income
Car service periodic maintenance oil change,Transport,expense
Amazon online shopping headphones purchase charge,Shopping,expense
Pet vaccination injection rabies shot deworming via UPI,Pets,expense
Taco Bell tacos payment,Food,expense
Apple Music annual plan card payment,Entertainment,expense
Car service periodic maintenance oil change charge,Transport,expense
Vet animal clinic surgery medicine doctor online,Pets,expense
Rapido bike taxi trip,Transport,expense
Netflix 4K UHD monthly subscription via UPI,Entertainment,expense
Amusement theme park tickets charge,Entertainment,expense
Dinner at Italian restaurant order,Food,expense
Physics chemistry study material expense,Education,expense
Credit card annual membership fee bill payment,Bills,expense
Dinner at Italian restaurant order,Food,expense
Bakery fresh cake and pastries,Food,expense
Pet shop puppy food treats snacks bones card payment,Pets,expense
Veterinary hospital medicine for dog puppy purchase,Pets,expense
Nike running sports sneakers order,Shopping,expense
Pet food dog food pedigree kibble order,Pets,expense
Dermatologist skin care clinic fee online,Health,expense
Weekend club pub lounge drinks,Entertainment,expense
BookMyShow concert event ticket subscription,Entertainment,expense
Pedigree adult dog meat gravy chicken rice,Pets,expense
Diesel fuel full tank for car charge,Transport,expense
Cult Fit gym fitness center membership charge,Health,expense
Kindle books self improvement reading bill,Education,expense
IRCTC train ticket booking reservation card payment,Transport,expense
Bike motorcycle wheel servicing,Transport,expense
Nike running sports sneakers subscription,Shopping,expense
Puppy kitten pet food nutrition pouch biscuits subscription,Pets,expense
Uniqlo winter wear jacket bill,Shopping,expense
Bird cage seeds pet care supplies food online,Pets,expense
Gaming tournament entry ticket bill,Entertainment,expense
Yoga and meditation session fees subscription,Health,expense
Cult Fit gym fitness center membership subscription,Health,expense
Furniture wooden study desk chair store,Shopping,expense
Restaurant lunch with colleagues,Food,expense
Dinner at Italian restaurant payment,Food,expense
Metro card smart card recharge via UPI,Transport,expense
Monthly salary credited by employer charge,Income,income
Cashback rewards reward points bonus payment,Income,income
Train ticket sleeper class booking bill,Transport,expense
Computer science algorithms textbook expense,Education,expense
Ola cab ride home from office purchase,Transport,expense
Cult Fit gym fitness center membership store,Health,expense
Subway veggie sub sandwich,Food,expense
Dine in bill Chinese food restaurant,Food,expense
Physiotherapy treatment session purchase,Health,expense
Public speaking certification workshop online,Education,expense
Taxi cab rental city tour,Transport,expense
Biryani point dinner party expense,Food,expense
Train ticket sleeper class booking payment,Transport,expense
Public speaking certification workshop,Education,expense
Ola cab ride home from office payment,Transport,expense
Bike motorcycle wheel servicing charge,Transport,expense
Pet shop puppy food treats snacks bones via UPI,Pets,expense
High speed fiber broadband wifi bill bill,Bills,expense
Veterinary hospital medicine for dog puppy order,Pets,expense
BigBasket monthly grocery supplies online,Food,expense
Airport parking lot fee ticket subscription,Transport,expense
Me-O cat food creamy treats salmon payment,Pets,expense
Amazon online shopping headphones purchase store,Shopping,expense
Blood test lab report charges,Health,expense
BigBasket monthly grocery supplies online,Food,expense
Amusement theme park tickets bill,Entertainment,expense
Spectacles optical lenses eye checkup via UPI,Health,expense
Doctor clinic general consultation fee,Health,expense
Amazon Prime Video annual subscription payment,Entertainment,expense
Vet animal clinic surgery medicine doctor online,Pets,expense
Indian oil corporation petrol purchase,Transport,expense
Indian oil corporation petrol store,Transport,expense
Freelance technical writing payout subscription,Income,income
Uber auto ride daily commute via UPI,Transport,expense
Purina pet food supercoat pro plan payment,Pets,expense
Spotify premium music subscription store,Entertainment,expense
Pet clinic vet consultation checkup fee card payment,Pets,expense
Language learning app subscription,Education,expense
Udemy online web development course online,Education,expense
Bakery fresh cake and pastries,Food,expense
Shell petrol pump fuel fill purchase,Transport,expense
Rapido bike taxi trip charge,Transport,expense
Amazon online shopping headphones purchase bill,Shopping,expense
Home decor wall painting frames,Shopping,expense
Apartment society maintenance maintenance charges card payment,Bills,expense
Car service periodic maintenance oil change order,Transport,expense
Dermatologist skin care clinic fee expense,Health,expense
Consulting advisory advisory fee credit via UPI,Income,income
Netflix 4K UHD monthly subscription via UPI,Entertainment,expense
Puppy kitten pet food nutrition pouch biscuits via UPI,Pets,expense
Drools dog food pet treats puppy snacks via UPI,Pets,expense
Home insurance annual premium via UPI,Bills,expense
Udemy online web development course subscription,Education,expense
Royal Canin dog puppy dry food breed bill,Pets,expense
Uber cab ride to airport card payment,Transport,expense
Freelance website UI design project payout charge,Income,income
Pet food dog food pedigree kibble payment,Pets,expense
Haldiram sweets snacks via UPI,Food,expense
Burger King whopper meal purchase,Food,expense
Local tea and snacks stall bill,Food,expense
Furniture wooden study desk chair,Shopping,expense
Gaming tournament entry ticket expense,Entertainment,expense
Yoga and meditation session fees store,Health,expense
H&M casual tshirts and jeans,Shopping,expense
Blood test lab report charges order,Health,expense
Pizza Hut dinner with family charge,Food,expense
Monthly salary credited by employer bill,Income,income
Metro card smart card recharge,Transport,expense
Dermatologist skin care clinic fee store,Health,expense
Dominos pizza delivery online,Food,expense
Credit card annual membership fee bill payment,Bills,expense
House monthly rent payment to landlord order,Bills,expense
Municipal water supply pipeline bill,Bills,expense
Gaming tournament entry ticket,Entertainment,expense
YouTube premium ad-free plan subscription,Entertainment,expense
Physiotherapy treatment session subscription,Health,expense
Pharmacy medicine tablets painkiller bill,Health,expense
Aquarium fish food pellets pet care aquarium tank order,Pets,expense
Dentist dental clinic checkup teeth cleaning online,Health,expense
Udemy online web development course expense,Education,expense
Spotify premium music subscription expense,Entertainment,expense
Pedigree adult dog meat gravy chicken rice bill,Pets,expense
Dentist dental clinic checkup teeth cleaning,Health,expense
Dine in bill Chinese food restaurant bill,Food,expense
Standup comedy show tickets via UPI,Entertainment,expense
Dine in bill Chinese food restaurant payment,Food,expense
Weekend club pub lounge drinks charge,Entertainment,expense
Coursera AI machine learning specialization charge,Education,expense
Pet food dog food pedigree kibble subscription,Pets,expense
House monthly rent payment to landlord expense,Bills,expense
Zara cotton formal shirt order,Shopping,expense
Rapido bike taxi trip store,Transport,expense
Ice cream parlour dessert waffle charge,Food,expense
Myntra fashionable jacket clothes card payment,Shopping,expense
Puppy kitten pet food nutrition pouch biscuits store,Pets,expense
Apple Music annual plan charge,Entertainment,expense
LPG cooking gas cylinder refill payment,Bills,expense
LPG cooking gas cylinder refill subscription,Bills,expense
Apartment society maintenance maintenance charges charge,Bills,expense
Upwork freelance software contract card payment,Income,income
Shopping mall department store bill,Shopping,expense
RayBan sunglasses eyewear store bill,Shopping,expense
Taco Bell tacos payment,Food,expense
PVR Inox cinema movie tickets and popcorn bill,Entertainment,expense
Pet boarding day care kennel charges dog walking online,Pets,expense
Apple iPad tablet and accessories via UPI,Shopping,expense
Spectacles optical lenses eye checkup card payment,Health,expense
Rapido bike taxi trip expense,Transport,expense
Shell petrol pump fuel fill via UPI,Transport,expense
Purina pet food supercoat pro plan bill,Pets,expense
Dine in bill Chinese food restaurant bill,Food,expense
Apollo pharmacy multivitamins supplements bill,Health,expense
Gas pipeline utility bill subscription,Bills,expense
Kindle books self improvement reading order,Education,expense
Disney Hotstar VIP streaming bill,Entertainment,expense
Gaming tournament entry ticket online,Entertainment,expense
Ola cab ride home from office card payment,Transport,expense
Consulting advisory advisory fee credit card payment,Income,income
House monthly rent payment to landlord,Bills,expense
McDonalds burger meal via UPI,Food,expense
Veterinary hospital medicine for dog puppy,Pets,expense
Biryani point dinner party purchase,Food,expense
Pet vaccination injection rabies shot deworming payment,Pets,expense
YouTube premium ad-free plan subscription,Entertainment,expense
Gas pipeline utility bill expense,Bills,expense
MedPlus online medicine order,Health,expense
Flipkart electronics smart watch,Shopping,expense
YouTube premium ad-free plan store,Entertainment,expense
Airport shuttle express bus via UPI,Transport,expense
Language learning app subscription payment,Education,expense
Starbucks coffee latte payment,Food,expense
School stationery pens notebooks supplies online,Education,expense
Disney Hotstar VIP streaming bill,Entertainment,expense
Subway veggie sub sandwich bill,Food,expense
Physics chemistry study material via UPI,Education,expense
Adani electricity bill payment store,Bills,expense
Airtel postpaid telecom bill,Bills,expense
Zomato food delivery,Food,expense
Uber auto ride daily commute subscription,Transport,expense
Steam PC video game digital download order,Entertainment,expense
Spectacles optical lenses eye checkup payment,Health,expense
Kitchen non stick pan cookware card payment,Shopping,expense
FASTag toll plaza electronic recharge via UPI,Transport,expense
Coursera AI machine learning specialization via UPI,Education,expense
Uniqlo winter wear jacket expense,Shopping,expense
Supermarket grocery fruits vegetables subscription,Food,expense
LinkedIn Learning monthly subscription store,Education,expense
Apollo pharmacy multivitamins supplements expense,Health,expense
Freelance technical writing payout subscription,Income,income
Mobile phone prepaid recharge pack charge,Bills,expense
Cat food whiskas tuna wet food bill,Pets,expense
Swiggy dinner order payment,Food,expense
Disney Hotstar VIP streaming payment,Entertainment,expense
Zara cotton formal shirt via UPI,Shopping,expense
Adani electricity bill payment purchase,Bills,expense
Bakery fresh cake and pastries charge,Food,expense
Tata Power electricity bill expense,Bills,expense
Train ticket sleeper class booking,Transport,expense
Mobile phone prepaid recharge pack charge,Bills,expense
Zomato food delivery order,Food,expense
Shell petrol pump fuel fill online,Transport,expense
Dominos pizza delivery charge,Food,expense
Dog grooming shampoo trimming spa charge,Pets,expense
Cult Fit gym fitness center membership,Health,expense
Online makeup beauty cosmetics store order,Shopping,expense
YouTube premium ad-free plan,Entertainment,expense
RayBan sunglasses eyewear store order,Shopping,expense
Zomato food delivery via UPI,Food,expense
Flipkart electronics smart watch bill,Shopping,expense
Standup comedy show tickets,Entertainment,expense
Decathlon sports gym equipment online,Shopping,expense
Cat food whiskas tuna wet food via UPI,Pets,expense
PlayStation Plus yearly subscription purchase,Entertainment,expense
Computer science algorithms textbook expense,Education,expense
FASTag toll plaza electronic recharge purchase,Transport,expense
Amusement theme park tickets subscription,Entertainment,expense
Blood test lab report charges online,Health,expense
Pet vaccination injection rabies shot deworming,Pets,expense
High speed fiber broadband wifi bill charge,Bills,expense
Freelance website UI design project payout purchase,Income,income
Furniture wooden study desk chair bill,Shopping,expense
Electricity power utility monthly bill store,Bills,expense
Freelance website UI design project payout bill,Income,income
Municipal water supply pipeline bill charge,Bills,expense
Monthly salary credited by employer order,Income,income
Biryani point dinner party charge,Food,expense
Yoga and meditation session fees,Health,expense
PVR Inox cinema movie tickets and popcorn bill,Entertainment,expense
Pet accessories dog bed cat toys chew bone card payment,Pets,expense
Diesel fuel full tank for car,Transport,expense
Rapido bike taxi trip order,Transport,expense
Computer science algorithms textbook charge,Education,expense
School stationery pens notebooks supplies via UPI,Education,expense
Municipal water supply pipeline bill expense,Bills,expense
Part time consulting project income bill,Income,income
Uber auto ride daily commute order,Transport,expense
Monthly salary credited by employer order,Income,income
Drools dog food pet treats puppy snacks store,Pets,expense
Cat food whiskas tuna wet food online,Pets,expense
Hospital health full body pathology test charge,Health,expense
Me-O cat food creamy treats salmon purchase,Pets,expense
Nike running sports sneakers,Shopping,expense
Zara cotton formal shirt,Shopping,expense
Adani electricity bill payment purchase,Bills,expense
Apple Music annual plan,Entertainment,expense
Starbucks coffee latte bill,Food,expense
Steam PC video game digital download payment,Entertainment,expense
Gas pipeline utility bill online,Bills,expense
Dog grooming shampoo trimming spa via UPI,Pets,expense
Pet shop puppy food treats snacks bones,Pets,expense
Udemy online web development course,Education,expense
Royal Canin dog puppy dry food breed bill,Pets,expense
Puppy kitten pet food nutrition pouch biscuits card payment,Pets,expense
Train ticket sleeper class booking,Transport,expense
Bank high yield savings account interest subscription,Income,income
Vet animal clinic surgery medicine doctor purchase,Pets,expense
Bird cage seeds pet care supplies food,Pets,expense
Flipkart electronics smart watch bill,Shopping,expense
Tata Power electricity bill card payment,Bills,expense
Pedigree adult dog meat gravy chicken rice subscription,Pets,expense
Mobile phone prepaid recharge pack online,Bills,expense
Drools dog food pet treats puppy snacks,Pets,expense
Computer science algorithms textbook,Education,expense
Purina pet food supercoat pro plan purchase,Pets,expense
Ola cab ride home from office card payment,Transport,expense
Credit card annual membership fee bill via UPI,Bills,expense
LinkedIn Learning monthly subscription purchase,Education,expense
Doctor clinic general consultation fee bill,Health,expense
Starbucks coffee latte subscription,Food,expense
Indigo flight airline ticket travel online,Transport,expense
Pet clinic vet consultation checkup fee expense,Pets,expense
Organic grocery store food items expense,Food,expense
Levi's denim jeans store via UPI,Shopping,expense
Breakfast cafe coffee bagel,Food,expense
KFC fried chicken bucket via UPI,Food,expense
Aquarium fish food pellets pet care aquarium tank expense,Pets,expense
Indigo flight airline ticket travel order,Transport,expense
Uber cab ride to airport,Transport,expense
Whiskas cat food ocean fish pouch,Pets,expense
Myntra fashionable jacket clothes expense,Shopping,expense
Pet accessories dog bed cat toys chew bone expense,Pets,expense
LinkedIn Learning monthly subscription,Education,expense
Hospital health full body pathology test,Health,expense
Swiggy dinner order charge,Food,expense
Taxi cab rental city tour bill,Transport,expense
Apple Music annual plan bill,Entertainment,expense
Dine in bill Chinese food restaurant store,Food,expense
Corporate performance bonus payment bill,Income,income
Levi's denim jeans store payment,Shopping,expense
Pizza Hut dinner with family,Food,expense
Pet vaccination injection rabies shot deworming store,Pets,expense
Leather wallet and belts charge,Shopping,expense
Organic grocery store food items purchase,Food,expense
Dominos pizza delivery purchase,Food,expense
Amazon online shopping headphones purchase charge,Shopping,expense
Whiskas cat food ocean fish pouch via UPI,Pets,expense
Subway veggie sub sandwich expense,Food,expense
Consulting advisory advisory fee credit online,Income,income
Gourmet cheese and pasta order,Food,expense
Home decor wall painting frames,Shopping,expense
Aquarium fish food pellets pet care aquarium tank charge,Pets,expense
Royal Canin dog puppy dry food breed store,Pets,expense
LPG cooking gas cylinder refill,Bills,expense
Veterinary hospital medicine for dog puppy payment,Pets,expense
Mutual fund stock market dividend,Income,income
Zepto grocery order milk bread,Food,expense
Bike motorcycle wheel servicing purchase,Transport,expense
Spectacles optical lenses eye checkup order,Health,expense
Consulting advisory advisory fee credit card payment,Income,income
Restaurant lunch with colleagues via UPI,Food,expense
Nike running sports sneakers via UPI,Shopping,expense
Bus ticket reservation online card payment,Transport,expense
PVR Inox cinema movie tickets and popcorn purchase,Entertainment,expense
Swiggy dinner order payment,Food,expense
Coursera AI machine learning specialization,Education,expense
Train ticket sleeper class booking via UPI,Transport,expense
Aquarium fish food pellets pet care aquarium tank payment,Pets,expense
Spotify premium music subscription,Entertainment,expense
Royal Canin dog puppy dry food breed purchase,Pets,expense
Pet food dog food pedigree kibble store,Pets,expense
Kindle books self improvement reading online,Education,expense
H&M casual tshirts and jeans payment,Shopping,expense
Restaurant lunch with colleagues expense,Food,expense
Amusement theme park tickets,Entertainment,expense
McDonalds burger meal purchase,Food,expense
Bharat Petroleum diesel fill via UPI,Transport,expense
Taxi cab rental city tour,Transport,expense
IRCTC train ticket booking reservation expense,Transport,expense
Pet supplies cat litter leash collar harness store,Pets,expense
Home decor wall painting frames expense,Shopping,expense
Zomato food delivery card payment,Food,expense
Coursera AI machine learning specialization store,Education,expense
Zepto grocery order milk bread bill,Food,expense
Upwork freelance software contract,Income,income
Shopping mall department store purchase,Shopping,expense
Gourmet cheese and pasta bill,Food,expense
LinkedIn Learning monthly subscription purchase,Education,expense
Shell petrol pump fuel fill card payment,Transport,expense
Restaurant lunch with colleagues bill,Food,expense
Electricity power utility monthly bill card payment,Bills,expense
House monthly rent payment to landlord online,Bills,expense
Zomato food delivery online,Food,expense
Aquarium fish food pellets pet care aquarium tank,Pets,expense
Breakfast cafe coffee bagel card payment,Food,expense
BigBasket monthly grocery supplies card payment,Food,expense
Municipal water supply pipeline bill order,Bills,expense
Breakfast cafe coffee bagel,Food,expense
Restaurant lunch with colleagues,Food,expense
Pizza Hut dinner with family,Food,expense
Spotify premium music subscription charge,Entertainment,expense
Spectacles optical lenses eye checkup,Health,expense
Titan wrist watch purchase via UPI,Shopping,expense
Dentist dental clinic checkup teeth cleaning,Health,expense
Consulting advisory advisory fee credit subscription,Income,income
Supermarket grocery fruits vegetables store,Food,expense
Car service periodic maintenance oil change order,Transport,expense
Bank high yield savings account interest via UPI,Income,income
Standup comedy show tickets,Entertainment,expense
Airtel postpaid telecom bill order,Bills,expense
PVR Inox cinema movie tickets and popcorn,Entertainment,expense
Burger King whopper meal charge,Food,expense
Subway veggie sub sandwich expense,Food,expense
FASTag toll plaza electronic recharge bill,Transport,expense
Standup comedy show tickets charge,Entertainment,expense
Freelance website UI design project payout card payment,Income,income
Aquarium fish food pellets pet care aquarium tank card payment,Pets,expense
Pet clinic vet consultation checkup fee order,Pets,expense
Airport parking lot fee ticket bill,Transport,expense
Purina pet food supercoat pro plan payment,Pets,expense
Uniqlo winter wear jacket order,Shopping,expense
Shell petrol pump fuel fill,Transport,expense
Home decor wall painting frames bill,Shopping,expense
Credit card annual membership fee bill,Bills,expense
Vet animal clinic surgery medicine doctor subscription,Pets,expense
KFC fried chicken bucket purchase,Food,expense
Amusement theme park tickets online,Entertainment,expense
Levi's denim jeans store via UPI,Shopping,expense
Netflix 4K UHD monthly subscription store,Entertainment,expense
Cat food whiskas tuna wet food store,Pets,expense
Bharat Petroleum diesel fill bill,Transport,expense
Uber auto ride daily commute bill,Transport,expense
Pedigree adult dog meat gravy chicken rice,Pets,expense
Organic grocery store food items via UPI,Food,expense
MedPlus online medicine order purchase,Health,expense
Titan wrist watch purchase purchase,Shopping,expense
Dog grooming shampoo trimming spa,Pets,expense
Rapido bike taxi trip order,Transport,expense
Amazon Prime Video annual subscription store,Entertainment,expense
Uber cab ride to airport card payment,Transport,expense
RayBan sunglasses eyewear store charge,Shopping,expense
Burger King whopper meal via UPI,Food,expense
Physics chemistry study material order,Education,expense
Zara cotton formal shirt payment,Shopping,expense
Diesel fuel full tank for car bill,Transport,expense
IRCTC train ticket booking reservation bill,Transport,expense
RayBan sunglasses eyewear store store,Shopping,expense
Apollo pharmacy multivitamins supplements bill,Health,expense
Online makeup beauty cosmetics store,Shopping,expense
Apollo pharmacy multivitamins supplements online,Health,expense
Flipkart electronics smart watch order,Shopping,expense
Coursera AI machine learning specialization store,Education,expense
Airport shuttle express bus online,Transport,expense
Blood test lab report charges charge,Health,expense
Metro card smart card recharge card payment,Transport,expense
Apartment society maintenance maintenance charges bill,Bills,expense
Titan wrist watch purchase expense,Shopping,expense
McDonalds burger meal,Food,expense
University college tuition exam fee charge,Education,expense
Ola cab ride home from office charge,Transport,expense
Mutual fund stock market dividend order,Income,income
Pharmacy medicine tablets painkiller order,Health,expense
Amusement theme park tickets via UPI,Entertainment,expense
Apollo pharmacy multivitamins supplements order,Health,expense
Gas pipeline utility bill purchase,Bills,expense
Pet supplies cat litter leash collar harness bill,Pets,expense
Uniqlo winter wear jacket charge,Shopping,expense
Mutual fund stock market dividend subscription,Income,income
Standup comedy show tickets order,Entertainment,expense
McDonalds burger meal payment,Food,expense
Pet accessories dog bed cat toys chew bone,Pets,expense
Purina pet food supercoat pro plan payment,Pets,expense
Hospital health full body pathology test store,Health,expense
Organic grocery store food items online,Food,expense
Me-O cat food creamy treats salmon via UPI,Pets,expense
BookMyShow concert event ticket purchase,Entertainment,expense
Haldiram sweets snacks subscription,Food,expense
Haldiram sweets snacks order,Food,expense
Dermatologist skin care clinic fee bill,Health,expense
Whiskas cat food ocean fish pouch bill,Pets,expense
Corporate performance bonus payment,Income,income
Myntra fashionable jacket clothes bill,Shopping,expense
Puppy kitten pet food nutrition pouch biscuits,Pets,expense
Nike running sports sneakers,Shopping,expense
Jio fiber optic broadband internet bill,Bills,expense
University college tuition exam fee bill,Education,expense
Indigo flight airline ticket travel bill,Transport,expense
Yoga and meditation session fees order,Health,expense
Levi's denim jeans store bill,Shopping,expense
Steam PC video game digital download online,Entertainment,expense
Dominos pizza delivery,Food,expense
Dentist dental clinic checkup teeth cleaning,Health,expense
Cashback rewards reward points bonus,Income,income
Nike running sports sneakers purchase,Shopping,expense
Doctor clinic general consultation fee purchase,Health,expense
Supermarket grocery fruits vegetables,Food,expense
RayBan sunglasses eyewear store,Shopping,expense
Subway veggie sub sandwich expense,Food,expense
Weekend club pub lounge drinks charge,Entertainment,expense
Starbucks coffee latte expense,Food,expense
Gas pipeline utility bill expense,Bills,expense
Doctor clinic general consultation fee subscription,Health,expense
Netflix 4K UHD monthly subscription,Entertainment,expense
Uniqlo winter wear jacket subscription,Shopping,expense
Disney Hotstar VIP streaming purchase,Entertainment,expense
Subway veggie sub sandwich,Food,expense
Yoga and meditation session fees card payment,Health,expense
Public speaking certification workshop card payment,Education,expense
Dentist dental clinic checkup teeth cleaning charge,Health,expense
Freelance website UI design project payout via UPI,Income,income
Metro card smart card recharge,Transport,expense
Computer science algorithms textbook,Education,expense
Zepto grocery order milk bread subscription,Food,expense
Puppy kitten pet food nutrition pouch biscuits store,Pets,expense
Tata Power electricity bill bill,Bills,expense
BigBasket monthly grocery supplies subscription,Food,expense
Home decor wall painting frames card payment,Shopping,expense
Doctor clinic general consultation fee card payment,Health,expense
Home insurance annual premium order,Bills,expense
Whiskas cat food ocean fish pouch via UPI,Pets,expense
Levi's denim jeans store bill,Shopping,expense
AWS certification exam voucher,Education,expense
Mutual fund stock market dividend charge,Income,income
Upwork freelance software contract order,Income,income
Mobile phone prepaid recharge pack charge,Bills,expense
YouTube premium ad-free plan order,Entertainment,expense
Disney Hotstar VIP streaming bill,Entertainment,expense
Corporate performance bonus payment order,Income,income
Credit card annual membership fee bill charge,Bills,expense
Public speaking certification workshop order,Education,expense
Pet supplies cat litter leash collar harness store,Pets,expense
Home insurance annual premium order,Bills,expense
Dinner at Italian restaurant payment,Food,expense
Municipal water supply pipeline bill subscription,Bills,expense
FASTag toll plaza electronic recharge bill,Transport,expense
Apple iPad tablet and accessories order,Shopping,expense
Shopping mall department store online,Shopping,expense
Netflix 4K UHD monthly subscription,Entertainment,expense
Ice cream parlour dessert waffle,Food,expense
Metro card smart card recharge expense,Transport,expense
Amazon online shopping headphones purchase,Shopping,expense
Consulting advisory advisory fee credit bill,Income,income
Taxi cab rental city tour purchase,Transport,expense
Adani electricity bill payment card payment,Bills,expense
BigBasket monthly grocery supplies subscription,Food,expense
LPG cooking gas cylinder refill card payment,Bills,expense
Kitchen non stick pan cookware store,Shopping,expense
Pet supplies cat litter leash collar harness card payment,Pets,expense
Bakery fresh cake and pastries payment,Food,expense
Pharmacy medicine tablets painkiller store,Health,expense
Bakery fresh cake and pastries purchase,Food,expense
Ice cream parlour dessert waffle via UPI,Food,expense
Mutual fund stock market dividend expense,Income,income
Upwork freelance software contract card payment,Income,income
Blinkit instant grocery delivery charge,Food,expense
RayBan sunglasses eyewear store,Shopping,expense
Kitchen non stick pan cookware card payment,Shopping,expense
Udemy online web development course,Education,expense
Dermatologist skin care clinic fee,Health,expense
Petrol fuel HPCL station refill,Transport,expense
Standup comedy show tickets card payment,Entertainment,expense
Cashback rewards reward points bonus,Income,income
Taxi cab rental city tour via UPI,Transport,expense
Zomato food delivery online,Food,expense
Dentist dental clinic checkup teeth cleaning bill,Health,expense
Steam PC video game digital download,Entertainment,expense
Swiggy dinner order bill,Food,expense
H&M casual tshirts and jeans payment,Shopping,expense
Furniture wooden study desk chair subscription,Shopping,expense
Monthly salary credited by employer subscription,Income,income
Royal Canin dog puppy dry food breed via UPI,Pets,expense
Part time consulting project income subscription,Income,income
H&M casual tshirts and jeans,Shopping,expense
Mobile phone prepaid recharge pack,Bills,expense
Decathlon sports gym equipment via UPI,Shopping,expense
Monthly salary credited by employer store,Income,income
Pet vaccination injection rabies shot deworming,Pets,expense
Royal Canin dog puppy dry food breed online,Pets,expense
Diesel fuel full tank for car payment,Transport,expense
Udemy online web development course bill,Education,expense
Supermarket grocery fruits vegetables,Food,expense
Uber auto ride daily commute bill,Transport,expense
Pet accessories dog bed cat toys chew bone,Pets,expense
Freelance technical writing payout,Income,income
Credit card annual membership fee bill via UPI,Bills,expense
Pedigree adult dog meat gravy chicken rice card payment,Pets,expense
Cult Fit gym fitness center membership subscription,Health,expense
Royal Canin dog puppy dry food breed,Pets,expense
